<?xml version="1.0" encoding="UTF-8"?>
<project-private xmlns="http://www.netbeans.org/ns/project-private/1">
    <editor-bookmarks xmlns="http://www.netbeans.org/ns/editor-bookmarks/2" lastBookmarkId="0"/>
    <open-files xmlns="http://www.netbeans.org/ns/projectui-open-files/2">
        <group>
            <file>file:/C:/Users/Ali%20Haider/Documents/NetBeansProjects/Cgpacalulator/src/cgpacalulator/Help.java</file>
            <file>file:/C:/Users/Ali%20Haider/Documents/NetBeansProjects/Cgpacalulator/src/main/Main.java</file>
            <file>file:/C:/Users/Ali%20Haider/Documents/NetBeansProjects/Cgpacalulator/src/cgpacalulator/Home.java</file>
            <file>file:/C:/Users/Ali%20Haider/Documents/NetBeansProjects/Cgpacalulator/src/cgpacalulator/Commons.java</file>
            <file>file:/C:/Users/Ali%20Haider/Documents/NetBeansProjects/Cgpacalulator/src/cgpacalulator/Conversions.java</file>
            <file>file:/C:/Users/Ali%20Haider/Documents/NetBeansProjects/Cgpacalulator/src/splashscreen/CurvesPanel.java</file>
            <file>file:/C:/Users/Ali%20Haider/Documents/NetBeansProjects/Cgpacalulator/src/splashscreen/SplashScreen.java</file>
            <file>file:/C:/Users/Ali%20Haider/Documents/NetBeansProjects/Cgpacalulator/src/splashscreen/ProgressBarCustom.java</file>
            <file>file:/C:/Users/Ali%20Haider/Documents/NetBeansProjects/Cgpacalulator/src/cgpacalulator/Cgpacalulator.java</file>
            <file>file:/C:/Users/Ali%20Haider/Documents/NetBeansProjects/Cgpacalulator/src/main/logo.png</file>
        </group>
    </open-files>
</project-private>
